{
    "lighting": "none",
    "matrix": {
        "rows": 10,
        "cols": 8
    },
    "layouts": {
        "keymap":[
          [
            {
              "x": 3
            },
            "0,3",
            {
              "x": 9.75
            },
            "5,4"
          ],
          [
            {
              "y": -0.55,
              "x": 2
            },
            "0,2",
            {
              "x": 11.75
            },
            "5,5"
          ],
          [
            {
              "y": -0.9000000000000001,
              "x": 4
            },
            "0,4",
            "0,5",
            "0,6"
          ],
          [
            {
              "y": -0.9999999999999999,
              "x": 10.75
            },
            "5,1",
            "5,2",
            "5,3"
          ],
          [
            {
              "y": -0.55,
              "x": 3
            },
            "1,3",
            {
              "x": 9.75
            },
            "6,4"
          ],
          [
            {
              "y": -0.75
            },
            "0,0",
            "0,1"
          ],
          [
            {
              "y": -1,
              "x": 15.75
            },
            "5,6",
            "5,7"
          ],
          [
            {
              "y": -0.8,
              "x": 2
            },
            "1,2",
            {
              "x": 11.75
            },
            "6,5"
          ],
          [
            {
              "y": -0.8999999999999999,
              "x": 4
            },
            "1,4",
            "1,5",
            "1,6",
            {
              "x": 3.75
            },
            "6,1",
            "6,2",
            "6,3"
          ],
          [
            {
              "y": -0.5500000000000003,
              "x": 3
            },
            "2,3",
            {
              "x": 9.75
            },
            "7,4"
          ],
          [
            {
              "y": -0.75
            },
            "1,0",
            "1,1",
            {
              "x": 13.75
            },
            "6,6",
            "6,7"
          ],
          [
            {
              "y": -0.7999999999999998,
              "x": 2
            },
            "2,2",
            {
              "x": 11.75
            },
            "7,5"
          ],
          [
            {
              "y": -0.8999999999999999,
              "x": 4
            },
            "2,4",
            "2,5",
            "2,6",
            "0,0\n\n\n\n\n\n\n\n\ne",
            "0,1\n\n\n\n\n\n\n\n\ne",
            {
              "x": 1.75
            },
            "7,1",
            "7,2",
            "7,3"
          ],
          [
            {
              "y": -0.5500000000000003,
              "x": 3
            },
            "3,3",
            {
              "x": 9.75
            },
            "8,4"
          ],
          [
            {
              "y": -0.75
            },
            "2,0",
            "2,1",
            {
              "x": 13.75
            },
            "7,6",
            "7,7"
          ],
          [
            {
              "y": -0.7999999999999998,
              "x": 2
            },
            "3,2",
            {
              "x": 11.75
            },
            "8,5"
          ],
          [
            {
              "y": -0.8999999999999999,
              "x": 9.75
            },
            "8,0",
            "8,1",
            "8,2",
            "8,3"
          ],
          [
            {
              "y": -1,
              "x": 4
            },
            "3,4",
            "3,5",
            "3,6",
            "3,7"
          ],
          [
            {
              "y": -0.2999999999999998
            },
            "3,0",
            "3,1",
            {
              "x": 13.75
            },
            "8,6",
            "8,7"
          ],
          [
            {
              "y": -0.75,
              "x": 2.7
            },
            "4,3",
            {
              "x": 5.05
            },
            "1,0\n\n\n\n\n\n\n\n\ne",
            "1,1\n\n\n\n\n\n\n\n\ne",
            {
              "x": 3.4499999999999993
            },
            "9,4"
          ],
          [
            {
              "y": -0.9500000000000002,
              "x": 3.7
            },
            "4,4",
            {
              "x": 8.5
            },
            "9,3"
          ],
          [
            {
              "y": -0.2999999999999998
            },
            "4,0",
            "4,1",
            {
              "x": 13.75
            },
            "9,6",
            "9,7"
          ],
          [
            {
              "r": 15,
              "rx": 0.75,
              "y": 3.3,
              "x": 5.25
            },
            "4,5"
          ],
          [
            {
              "r": 30,
              "rx": 0,
              "y": 0.8,
              "x": 7.8,
              "h": 1.5
            },
            "4,6"
          ],
          [
            {
              "r": 50,
              "rx": 8,
              "ry": 7.05,
              "y": -0.75,
              "x": -1.5,
              "h": 1.5
            },
            "4,7"
          ],
          [
            {
              "r": -50,
              "rx": 8.25,
              "ry": 7,
              "y": 0.5499999999999998,
              "x": 1.5,
              "h": 1.5
            },
            "9,0"
          ],
          [
            {
              "r": -30,
              "rx": 0,
              "ry": 0.2,
              "y": 9.55,
              "x": 6.75,
              "h": 1.5
            },
            "9,1"
          ],
          [
            {
              "r": -15,
              "rx": 14.25,
              "ry": 0,
              "y": 4.05,
              "x": -3.5
            },
            "9,2"
          ]
        ]
    }
}
